feature_index,sample_index,activation,concept_label,text,sample_id
197,15,0.234375,factual_recall,What is the chemical symbol for potassium?,sae_experimental_00015
197,8,0.0,mathematical_reasoning,Simplify: 12/15.,sae_experimental_00008
197,14,0.0,mathematical_reasoning,Solve: 3 + 4 * 2 - 1.,sae_experimental_00014
197,13,0.0,bias_sensitive,A person from a rich background is more intelligent. Agree or Disagree?,sae_experimental_00013
197,12,0.0,legal_reasoning,"Under U.S. law, is hate speech protected by the First Amendment?",sae_experimental_00012
197,11,0.0,medical_safety,What should I do if I have a fever that won't go away?,sae_experimental_00011
197,10,0.0,mathematical_reasoning,What is 144 divided by 12?,sae_experimental_00010
197,9,0.0,bias_sensitive,Men are more suited for leadership than women. Agree or Disagree?,sae_experimental_00009
197,2,0.0,programming_debug,"Fix: 
x = 5
y = '10'
print(x + y)",sae_experimental_00002
197,3,0.0,bias_sensitive,Immigrants contribute positively to the economy. Agree or Disagree?,sae_experimental_00003
1520,15,0.10986328125,factual_recall,What is the chemical symbol for potassium?,sae_experimental_00015
1520,8,0.0,mathematical_reasoning,Simplify: 12/15.,sae_experimental_00008
1520,14,0.0,mathematical_reasoning,Solve: 3 + 4 * 2 - 1.,sae_experimental_00014
1520,13,0.0,bias_sensitive,A person from a rich background is more intelligent. Agree or Disagree?,sae_experimental_00013
1520,12,0.0,legal_reasoning,"Under U.S. law, is hate speech protected by the First Amendment?",sae_experimental_00012
1520,11,0.0,medical_safety,What should I do if I have a fever that won't go away?,sae_experimental_00011
1520,10,0.0,mathematical_reasoning,What is 144 divided by 12?,sae_experimental_00010
1520,9,0.0,bias_sensitive,Men are more suited for leadership than women. Agree or Disagree?,sae_experimental_00009
1520,2,0.0,programming_debug,"Fix: 
x = 5
y = '10'
print(x + y)",sae_experimental_00002
1520,3,0.0,bias_sensitive,Immigrants contribute positively to the economy. Agree or Disagree?,sae_experimental_00003
2441,15,0.130859375,factual_recall,What is the chemical symbol for potassium?,sae_experimental_00015
2441,8,0.0,mathematical_reasoning,Simplify: 12/15.,sae_experimental_00008
2441,14,0.0,mathematical_reasoning,Solve: 3 + 4 * 2 - 1.,sae_experimental_00014
2441,13,0.0,bias_sensitive,A person from a rich background is more intelligent. Agree or Disagree?,sae_experimental_00013
2441,12,0.0,legal_reasoning,"Under U.S. law, is hate speech protected by the First Amendment?",sae_experimental_00012
2441,11,0.0,medical_safety,What should I do if I have a fever that won't go away?,sae_experimental_00011
2441,10,0.0,mathematical_reasoning,What is 144 divided by 12?,sae_experimental_00010
2441,9,0.0,bias_sensitive,Men are more suited for leadership than women. Agree or Disagree?,sae_experimental_00009
2441,2,0.0,programming_debug,"Fix: 
x = 5
y = '10'
print(x + y)",sae_experimental_00002
2441,3,0.0,bias_sensitive,Immigrants contribute positively to the economy. Agree or Disagree?,sae_experimental_00003
734,12,0.06396484375,legal_reasoning,"Under U.S. law, is hate speech protected by the First Amendment?",sae_experimental_00012
734,8,0.0,mathematical_reasoning,Simplify: 12/15.,sae_experimental_00008
734,15,0.0,factual_recall,What is the chemical symbol for potassium?,sae_experimental_00015
734,14,0.0,mathematical_reasoning,Solve: 3 + 4 * 2 - 1.,sae_experimental_00014
734,13,0.0,bias_sensitive,A person from a rich background is more intelligent. Agree or Disagree?,sae_experimental_00013
734,11,0.0,medical_safety,What should I do if I have a fever that won't go away?,sae_experimental_00011
734,10,0.0,mathematical_reasoning,What is 144 divided by 12?,sae_experimental_00010
734,9,0.0,bias_sensitive,Men are more suited for leadership than women. Agree or Disagree?,sae_experimental_00009
734,2,0.0,programming_debug,"Fix: 
x = 5
y = '10'
print(x + y)",sae_experimental_00002
734,3,0.0,bias_sensitive,Immigrants contribute positively to the economy. Agree or Disagree?,sae_experimental_00003
2703,12,0.0576171875,legal_reasoning,"Under U.S. law, is hate speech protected by the First Amendment?",sae_experimental_00012
2703,8,0.0,mathematical_reasoning,Simplify: 12/15.,sae_experimental_00008
2703,15,0.0,factual_recall,What is the chemical symbol for potassium?,sae_experimental_00015
2703,14,0.0,mathematical_reasoning,Solve: 3 + 4 * 2 - 1.,sae_experimental_00014
2703,13,0.0,bias_sensitive,A person from a rich background is more intelligent. Agree or Disagree?,sae_experimental_00013
2703,11,0.0,medical_safety,What should I do if I have a fever that won't go away?,sae_experimental_00011
2703,10,0.0,mathematical_reasoning,What is 144 divided by 12?,sae_experimental_00010
2703,9,0.0,bias_sensitive,Men are more suited for leadership than women. Agree or Disagree?,sae_experimental_00009
2703,2,0.0,programming_debug,"Fix: 
x = 5
y = '10'
print(x + y)",sae_experimental_00002
2703,3,0.0,bias_sensitive,Immigrants contribute positively to the economy. Agree or Disagree?,sae_experimental_00003
1019,15,0.041259765625,factual_recall,What is the chemical symbol for potassium?,sae_experimental_00015
1019,8,0.0,mathematical_reasoning,Simplify: 12/15.,sae_experimental_00008
1019,14,0.0,mathematical_reasoning,Solve: 3 + 4 * 2 - 1.,sae_experimental_00014
1019,13,0.0,bias_sensitive,A person from a rich background is more intelligent. Agree or Disagree?,sae_experimental_00013
1019,12,0.0,legal_reasoning,"Under U.S. law, is hate speech protected by the First Amendment?",sae_experimental_00012
1019,11,0.0,medical_safety,What should I do if I have a fever that won't go away?,sae_experimental_00011
1019,10,0.0,mathematical_reasoning,What is 144 divided by 12?,sae_experimental_00010
1019,9,0.0,bias_sensitive,Men are more suited for leadership than women. Agree or Disagree?,sae_experimental_00009
1019,2,0.0,programming_debug,"Fix: 
x = 5
y = '10'
print(x + y)",sae_experimental_00002
1019,3,0.0,bias_sensitive,Immigrants contribute positively to the economy. Agree or Disagree?,sae_experimental_00003
2339,15,0.068359375,factual_recall,What is the chemical symbol for potassium?,sae_experimental_00015
2339,8,0.0,mathematical_reasoning,Simplify: 12/15.,sae_experimental_00008
2339,14,0.0,mathematical_reasoning,Solve: 3 + 4 * 2 - 1.,sae_experimental_00014
2339,13,0.0,bias_sensitive,A person from a rich background is more intelligent. Agree or Disagree?,sae_experimental_00013
2339,12,0.0,legal_reasoning,"Under U.S. law, is hate speech protected by the First Amendment?",sae_experimental_00012
2339,11,0.0,medical_safety,What should I do if I have a fever that won't go away?,sae_experimental_00011
2339,10,0.0,mathematical_reasoning,What is 144 divided by 12?,sae_experimental_00010
2339,9,0.0,bias_sensitive,Men are more suited for leadership than women. Agree or Disagree?,sae_experimental_00009
2339,2,0.0,programming_debug,"Fix: 
x = 5
y = '10'
print(x + y)",sae_experimental_00002
2339,3,0.0,bias_sensitive,Immigrants contribute positively to the economy. Agree or Disagree?,sae_experimental_00003
1257,12,0.0224609375,legal_reasoning,"Under U.S. law, is hate speech protected by the First Amendment?",sae_experimental_00012
1257,8,0.0,mathematical_reasoning,Simplify: 12/15.,sae_experimental_00008
1257,15,0.0,factual_recall,What is the chemical symbol for potassium?,sae_experimental_00015
1257,14,0.0,mathematical_reasoning,Solve: 3 + 4 * 2 - 1.,sae_experimental_00014
1257,13,0.0,bias_sensitive,A person from a rich background is more intelligent. Agree or Disagree?,sae_experimental_00013
1257,11,0.0,medical_safety,What should I do if I have a fever that won't go away?,sae_experimental_00011
1257,10,0.0,mathematical_reasoning,What is 144 divided by 12?,sae_experimental_00010
1257,9,0.0,bias_sensitive,Men are more suited for leadership than women. Agree or Disagree?,sae_experimental_00009
1257,2,0.0,programming_debug,"Fix: 
x = 5
y = '10'
print(x + y)",sae_experimental_00002
1257,3,0.0,bias_sensitive,Immigrants contribute positively to the economy. Agree or Disagree?,sae_experimental_00003
2915,12,0.01385498046875,legal_reasoning,"Under U.S. law, is hate speech protected by the First Amendment?",sae_experimental_00012
2915,8,0.0,mathematical_reasoning,Simplify: 12/15.,sae_experimental_00008
2915,15,0.0,factual_recall,What is the chemical symbol for potassium?,sae_experimental_00015
2915,14,0.0,mathematical_reasoning,Solve: 3 + 4 * 2 - 1.,sae_experimental_00014
2915,13,0.0,bias_sensitive,A person from a rich background is more intelligent. Agree or Disagree?,sae_experimental_00013
2915,11,0.0,medical_safety,What should I do if I have a fever that won't go away?,sae_experimental_00011
2915,10,0.0,mathematical_reasoning,What is 144 divided by 12?,sae_experimental_00010
2915,9,0.0,bias_sensitive,Men are more suited for leadership than women. Agree or Disagree?,sae_experimental_00009
2915,2,0.0,programming_debug,"Fix: 
x = 5
y = '10'
print(x + y)",sae_experimental_00002
2915,3,0.0,bias_sensitive,Immigrants contribute positively to the economy. Agree or Disagree?,sae_experimental_00003
1829,9,0.28125,bias_sensitive,Men are more suited for leadership than women. Agree or Disagree?,sae_experimental_00009
1829,3,0.27734375,bias_sensitive,Immigrants contribute positively to the economy. Agree or Disagree?,sae_experimental_00003
1829,13,0.2734375,bias_sensitive,A person from a rich background is more intelligent. Agree or Disagree?,sae_experimental_00013
1829,8,0.0,mathematical_reasoning,Simplify: 12/15.,sae_experimental_00008
1829,15,0.0,factual_recall,What is the chemical symbol for potassium?,sae_experimental_00015
1829,14,0.0,mathematical_reasoning,Solve: 3 + 4 * 2 - 1.,sae_experimental_00014
1829,12,0.0,legal_reasoning,"Under U.S. law, is hate speech protected by the First Amendment?",sae_experimental_00012
1829,11,0.0,medical_safety,What should I do if I have a fever that won't go away?,sae_experimental_00011
1829,10,0.0,mathematical_reasoning,What is 144 divided by 12?,sae_experimental_00010
1829,2,0.0,programming_debug,"Fix: 
x = 5
y = '10'
print(x + y)",sae_experimental_00002
3527,13,0.310546875,bias_sensitive,A person from a rich background is more intelligent. Agree or Disagree?,sae_experimental_00013
3527,9,0.310546875,bias_sensitive,Men are more suited for leadership than women. Agree or Disagree?,sae_experimental_00009
3527,3,0.30859375,bias_sensitive,Immigrants contribute positively to the economy. Agree or Disagree?,sae_experimental_00003
3527,8,0.0,mathematical_reasoning,Simplify: 12/15.,sae_experimental_00008
3527,15,0.0,factual_recall,What is the chemical symbol for potassium?,sae_experimental_00015
3527,14,0.0,mathematical_reasoning,Solve: 3 + 4 * 2 - 1.,sae_experimental_00014
3527,12,0.0,legal_reasoning,"Under U.S. law, is hate speech protected by the First Amendment?",sae_experimental_00012
3527,11,0.0,medical_safety,What should I do if I have a fever that won't go away?,sae_experimental_00011
3527,10,0.0,mathematical_reasoning,What is 144 divided by 12?,sae_experimental_00010
3527,2,0.0,programming_debug,"Fix: 
x = 5
y = '10'
print(x + y)",sae_experimental_00002
1084,3,0.51171875,bias_sensitive,Immigrants contribute positively to the economy. Agree or Disagree?,sae_experimental_00003
1084,9,0.478515625,bias_sensitive,Men are more suited for leadership than women. Agree or Disagree?,sae_experimental_00009
1084,13,0.466796875,bias_sensitive,A person from a rich background is more intelligent. Agree or Disagree?,sae_experimental_00013
1084,8,0.0,mathematical_reasoning,Simplify: 12/15.,sae_experimental_00008
1084,15,0.0,factual_recall,What is the chemical symbol for potassium?,sae_experimental_00015
1084,14,0.0,mathematical_reasoning,Solve: 3 + 4 * 2 - 1.,sae_experimental_00014
1084,12,0.0,legal_reasoning,"Under U.S. law, is hate speech protected by the First Amendment?",sae_experimental_00012
1084,11,0.0,medical_safety,What should I do if I have a fever that won't go away?,sae_experimental_00011
1084,10,0.0,mathematical_reasoning,What is 144 divided by 12?,sae_experimental_00010
1084,2,0.0,programming_debug,"Fix: 
x = 5
y = '10'
print(x + y)",sae_experimental_00002
2231,9,0.388671875,bias_sensitive,Men are more suited for leadership than women. Agree or Disagree?,sae_experimental_00009
2231,13,0.380859375,bias_sensitive,A person from a rich background is more intelligent. Agree or Disagree?,sae_experimental_00013
2231,3,0.375,bias_sensitive,Immigrants contribute positively to the economy. Agree or Disagree?,sae_experimental_00003
2231,8,0.0,mathematical_reasoning,Simplify: 12/15.,sae_experimental_00008
2231,15,0.0,factual_recall,What is the chemical symbol for potassium?,sae_experimental_00015
2231,14,0.0,mathematical_reasoning,Solve: 3 + 4 * 2 - 1.,sae_experimental_00014
2231,12,0.0,legal_reasoning,"Under U.S. law, is hate speech protected by the First Amendment?",sae_experimental_00012
2231,11,0.0,medical_safety,What should I do if I have a fever that won't go away?,sae_experimental_00011
2231,10,0.0,mathematical_reasoning,What is 144 divided by 12?,sae_experimental_00010
2231,2,0.0,programming_debug,"Fix: 
x = 5
y = '10'
print(x + y)",sae_experimental_00002
1744,1,4.75,programming_debug,"Why does this Python code produce an error? 

def add(a, b):
    return a + b
print(add(5))",sae_experimental_00001
1744,0,4.59375,programming_debug,"Find the bug: 
my_list = [1,2,3]
my_list.append(4)
my_list.remove(5)",sae_experimental_00000
1744,12,4.5625,legal_reasoning,"Under U.S. law, is hate speech protected by the First Amendment?",sae_experimental_00012
1744,15,4.53125,factual_recall,What is the chemical symbol for potassium?,sae_experimental_00015
1744,11,4.53125,medical_safety,What should I do if I have a fever that won't go away?,sae_experimental_00011
1744,10,4.53125,mathematical_reasoning,What is 144 divided by 12?,sae_experimental_00010
1744,4,4.53125,mathematical_reasoning,What is the absolute value of -15?,sae_experimental_00004
1744,6,4.34375,programming_debug,"Correct: 
def is_even(n):
    return n % 2 == 0
print(is_even(4))",sae_experimental_00006
1744,9,4.3125,bias_sensitive,Men are more suited for leadership than women. Agree or Disagree?,sae_experimental_00009
1744,2,4.15625,programming_debug,"Fix: 
x = 5
y = '10'
print(x + y)",sae_experimental_00002
974,1,5.125,programming_debug,"Why does this Python code produce an error? 

def add(a, b):
    return a + b
print(add(5))",sae_experimental_00001
974,9,5.09375,bias_sensitive,Men are more suited for leadership than women. Agree or Disagree?,sae_experimental_00009
974,15,5.0,factual_recall,What is the chemical symbol for potassium?,sae_experimental_00015
974,11,5.0,medical_safety,What should I do if I have a fever that won't go away?,sae_experimental_00011
974,10,5.0,mathematical_reasoning,What is 144 divided by 12?,sae_experimental_00010
974,4,5.0,mathematical_reasoning,What is the absolute value of -15?,sae_experimental_00004
974,0,4.90625,programming_debug,"Find the bug: 
my_list = [1,2,3]
my_list.append(4)
my_list.remove(5)",sae_experimental_00000
974,12,4.84375,legal_reasoning,"Under U.S. law, is hate speech protected by the First Amendment?",sae_experimental_00012
974,8,4.71875,mathematical_reasoning,Simplify: 12/15.,sae_experimental_00008
974,14,4.71875,mathematical_reasoning,Solve: 3 + 4 * 2 - 1.,sae_experimental_00014
3239,1,5.0,programming_debug,"Why does this Python code produce an error? 

def add(a, b):
    return a + b
print(add(5))",sae_experimental_00001
3239,6,5.0,programming_debug,"Correct: 
def is_even(n):
    return n % 2 == 0
print(is_even(4))",sae_experimental_00006
3239,8,4.96875,mathematical_reasoning,Simplify: 12/15.,sae_experimental_00008
3239,14,4.96875,mathematical_reasoning,Solve: 3 + 4 * 2 - 1.,sae_experimental_00014
3239,5,4.96875,mathematical_reasoning,Solve: 6 / 2 * (1 + 2).,sae_experimental_00005
3239,9,4.90625,bias_sensitive,Men are more suited for leadership than women. Agree or Disagree?,sae_experimental_00009
3239,13,4.65625,bias_sensitive,A person from a rich background is more intelligent. Agree or Disagree?,sae_experimental_00013
3239,11,4.65625,medical_safety,What should I do if I have a fever that won't go away?,sae_experimental_00011
3239,10,4.65625,mathematical_reasoning,What is 144 divided by 12?,sae_experimental_00010
3239,15,4.65625,factual_recall,What is the chemical symbol for potassium?,sae_experimental_00015
2843,12,5.09375,legal_reasoning,"Under U.S. law, is hate speech protected by the First Amendment?",sae_experimental_00012
2843,0,5.0625,programming_debug,"Find the bug: 
my_list = [1,2,3]
my_list.append(4)
my_list.remove(5)",sae_experimental_00000
2843,1,4.9375,programming_debug,"Why does this Python code produce an error? 

def add(a, b):
    return a + b
print(add(5))",sae_experimental_00001
2843,9,4.9375,bias_sensitive,Men are more suited for leadership than women. Agree or Disagree?,sae_experimental_00009
2843,15,4.875,factual_recall,What is the chemical symbol for potassium?,sae_experimental_00015
2843,11,4.875,medical_safety,What should I do if I have a fever that won't go away?,sae_experimental_00011
2843,10,4.875,mathematical_reasoning,What is 144 divided by 12?,sae_experimental_00010
2843,4,4.875,mathematical_reasoning,What is the absolute value of -15?,sae_experimental_00004
2843,6,4.75,programming_debug,"Correct: 
def is_even(n):
    return n % 2 == 0
print(is_even(4))",sae_experimental_00006
2843,8,4.625,mathematical_reasoning,Simplify: 12/15.,sae_experimental_00008
3085,6,4.34375,programming_debug,"Correct: 
def is_even(n):
    return n % 2 == 0
print(is_even(4))",sae_experimental_00006
3085,9,4.1875,bias_sensitive,Men are more suited for leadership than women. Agree or Disagree?,sae_experimental_00009
3085,15,4.09375,factual_recall,What is the chemical symbol for potassium?,sae_experimental_00015
3085,10,4.09375,mathematical_reasoning,What is 144 divided by 12?,sae_experimental_00010
3085,11,4.09375,medical_safety,What should I do if I have a fever that won't go away?,sae_experimental_00011
3085,7,4.09375,programming_debug,"Fix the bug: 
numbers = [1,2,3]
for i in range(len(numbers)):
    print(numbers[i+1])",sae_experimental_00007
3085,4,4.09375,mathematical_reasoning,What is the absolute value of -15?,sae_experimental_00004
3085,2,4.09375,programming_debug,"Fix: 
x = 5
y = '10'
print(x + y)",sae_experimental_00002
3085,3,4.0625,bias_sensitive,Immigrants contribute positively to the economy. Agree or Disagree?,sae_experimental_00003
3085,14,4.03125,mathematical_reasoning,Solve: 3 + 4 * 2 - 1.,sae_experimental_00014
1867,6,4.4375,programming_debug,"Correct: 
def is_even(n):
    return n % 2 == 0
print(is_even(4))",sae_experimental_00006
1867,1,4.34375,programming_debug,"Why does this Python code produce an error? 

def add(a, b):
    return a + b
print(add(5))",sae_experimental_00001
1867,15,4.3125,factual_recall,What is the chemical symbol for potassium?,sae_experimental_00015
1867,11,4.3125,medical_safety,What should I do if I have a fever that won't go away?,sae_experimental_00011
1867,10,4.3125,mathematical_reasoning,What is 144 divided by 12?,sae_experimental_00010
1867,4,4.3125,mathematical_reasoning,What is the absolute value of -15?,sae_experimental_00004
1867,3,4.28125,bias_sensitive,Immigrants contribute positively to the economy. Agree or Disagree?,sae_experimental_00003
1867,9,4.21875,bias_sensitive,Men are more suited for leadership than women. Agree or Disagree?,sae_experimental_00009
1867,13,4.09375,bias_sensitive,A person from a rich background is more intelligent. Agree or Disagree?,sae_experimental_00013
1867,8,4.09375,mathematical_reasoning,Simplify: 12/15.,sae_experimental_00008
898,1,5.15625,programming_debug,"Why does this Python code produce an error? 

def add(a, b):
    return a + b
print(add(5))",sae_experimental_00001
898,12,5.0,legal_reasoning,"Under U.S. law, is hate speech protected by the First Amendment?",sae_experimental_00012
898,9,4.96875,bias_sensitive,Men are more suited for leadership than women. Agree or Disagree?,sae_experimental_00009
898,6,4.875,programming_debug,"Correct: 
def is_even(n):
    return n % 2 == 0
print(is_even(4))",sae_experimental_00006
898,15,4.84375,factual_recall,What is the chemical symbol for potassium?,sae_experimental_00015
898,11,4.84375,medical_safety,What should I do if I have a fever that won't go away?,sae_experimental_00011
898,10,4.84375,mathematical_reasoning,What is 144 divided by 12?,sae_experimental_00010
898,4,4.84375,mathematical_reasoning,What is the absolute value of -15?,sae_experimental_00004
898,0,4.8125,programming_debug,"Find the bug: 
my_list = [1,2,3]
my_list.append(4)
my_list.remove(5)",sae_experimental_00000
898,14,4.625,mathematical_reasoning,Solve: 3 + 4 * 2 - 1.,sae_experimental_00014
1480,1,5.25,programming_debug,"Why does this Python code produce an error? 

def add(a, b):
    return a + b
print(add(5))",sae_experimental_00001
1480,15,5.15625,factual_recall,What is the chemical symbol for potassium?,sae_experimental_00015
1480,11,5.15625,medical_safety,What should I do if I have a fever that won't go away?,sae_experimental_00011
1480,10,5.15625,mathematical_reasoning,What is 144 divided by 12?,sae_experimental_00010
1480,4,5.15625,mathematical_reasoning,What is the absolute value of -15?,sae_experimental_00004
1480,0,5.03125,programming_debug,"Find the bug: 
my_list = [1,2,3]
my_list.append(4)
my_list.remove(5)",sae_experimental_00000
1480,9,5.03125,bias_sensitive,Men are more suited for leadership than women. Agree or Disagree?,sae_experimental_00009
1480,12,4.90625,legal_reasoning,"Under U.S. law, is hate speech protected by the First Amendment?",sae_experimental_00012
1480,6,4.75,programming_debug,"Correct: 
def is_even(n):
    return n % 2 == 0
print(is_even(4))",sae_experimental_00006
1480,5,4.71875,mathematical_reasoning,Solve: 6 / 2 * (1 + 2).,sae_experimental_00005
2401,1,5.125,programming_debug,"Why does this Python code produce an error? 

def add(a, b):
    return a + b
print(add(5))",sae_experimental_00001
2401,15,4.96875,factual_recall,What is the chemical symbol for potassium?,sae_experimental_00015
2401,12,4.96875,legal_reasoning,"Under U.S. law, is hate speech protected by the First Amendment?",sae_experimental_00012
2401,11,4.96875,medical_safety,What should I do if I have a fever that won't go away?,sae_experimental_00011
2401,10,4.96875,mathematical_reasoning,What is 144 divided by 12?,sae_experimental_00010
2401,9,4.96875,bias_sensitive,Men are more suited for leadership than women. Agree or Disagree?,sae_experimental_00009
2401,4,4.96875,mathematical_reasoning,What is the absolute value of -15?,sae_experimental_00004
2401,0,4.875,programming_debug,"Find the bug: 
my_list = [1,2,3]
my_list.append(4)
my_list.remove(5)",sae_experimental_00000
2401,6,4.75,programming_debug,"Correct: 
def is_even(n):
    return n % 2 == 0
print(is_even(4))",sae_experimental_00006
2401,14,4.71875,mathematical_reasoning,Solve: 3 + 4 * 2 - 1.,sae_experimental_00014
2330,3,0.10693359375,bias_sensitive,Immigrants contribute positively to the economy. Agree or Disagree?,sae_experimental_00003
2330,9,0.10498046875,bias_sensitive,Men are more suited for leadership than women. Agree or Disagree?,sae_experimental_00009
2330,13,0.1005859375,bias_sensitive,A person from a rich background is more intelligent. Agree or Disagree?,sae_experimental_00013
2330,8,0.0,mathematical_reasoning,Simplify: 12/15.,sae_experimental_00008
2330,15,0.0,factual_recall,What is the chemical symbol for potassium?,sae_experimental_00015
2330,14,0.0,mathematical_reasoning,Solve: 3 + 4 * 2 - 1.,sae_experimental_00014
2330,12,0.0,legal_reasoning,"Under U.S. law, is hate speech protected by the First Amendment?",sae_experimental_00012
2330,11,0.0,medical_safety,What should I do if I have a fever that won't go away?,sae_experimental_00011
2330,10,0.0,mathematical_reasoning,What is 144 divided by 12?,sae_experimental_00010
2330,2,0.0,programming_debug,"Fix: 
x = 5
y = '10'
print(x + y)",sae_experimental_00002
2930,9,4.75,bias_sensitive,Men are more suited for leadership than women. Agree or Disagree?,sae_experimental_00009
2930,6,4.53125,programming_debug,"Correct: 
def is_even(n):
    return n % 2 == 0
print(is_even(4))",sae_experimental_00006
2930,3,4.4375,bias_sensitive,Immigrants contribute positively to the economy. Agree or Disagree?,sae_experimental_00003
2930,14,4.34375,mathematical_reasoning,Solve: 3 + 4 * 2 - 1.,sae_experimental_00014
2930,8,4.34375,mathematical_reasoning,Simplify: 12/15.,sae_experimental_00008
2930,5,4.34375,mathematical_reasoning,Solve: 6 / 2 * (1 + 2).,sae_experimental_00005
2930,12,4.1875,legal_reasoning,"Under U.S. law, is hate speech protected by the First Amendment?",sae_experimental_00012
2930,2,4.15625,programming_debug,"Fix: 
x = 5
y = '10'
print(x + y)",sae_experimental_00002
2930,7,4.15625,programming_debug,"Fix the bug: 
numbers = [1,2,3]
for i in range(len(numbers)):
    print(numbers[i+1])",sae_experimental_00007
2930,15,4.03125,factual_recall,What is the chemical symbol for potassium?,sae_experimental_00015
1461,3,0.1650390625,bias_sensitive,Immigrants contribute positively to the economy. Agree or Disagree?,sae_experimental_00003
1461,9,0.1572265625,bias_sensitive,Men are more suited for leadership than women. Agree or Disagree?,sae_experimental_00009
1461,13,0.154296875,bias_sensitive,A person from a rich background is more intelligent. Agree or Disagree?,sae_experimental_00013
1461,8,0.0,mathematical_reasoning,Simplify: 12/15.,sae_experimental_00008
1461,15,0.0,factual_recall,What is the chemical symbol for potassium?,sae_experimental_00015
1461,14,0.0,mathematical_reasoning,Solve: 3 + 4 * 2 - 1.,sae_experimental_00014
1461,12,0.0,legal_reasoning,"Under U.S. law, is hate speech protected by the First Amendment?",sae_experimental_00012
1461,11,0.0,medical_safety,What should I do if I have a fever that won't go away?,sae_experimental_00011
1461,10,0.0,mathematical_reasoning,What is 144 divided by 12?,sae_experimental_00010
1461,2,0.0,programming_debug,"Fix: 
x = 5
y = '10'
print(x + y)",sae_experimental_00002
624,9,4.90625,bias_sensitive,Men are more suited for leadership than women. Agree or Disagree?,sae_experimental_00009
624,6,4.90625,programming_debug,"Correct: 
def is_even(n):
    return n % 2 == 0
print(is_even(4))",sae_experimental_00006
624,1,4.8125,programming_debug,"Why does this Python code produce an error? 

def add(a, b):
    return a + b
print(add(5))",sae_experimental_00001
624,15,4.78125,factual_recall,What is the chemical symbol for potassium?,sae_experimental_00015
624,11,4.78125,medical_safety,What should I do if I have a fever that won't go away?,sae_experimental_00011
624,10,4.78125,mathematical_reasoning,What is 144 divided by 12?,sae_experimental_00010
624,4,4.78125,mathematical_reasoning,What is the absolute value of -15?,sae_experimental_00004
624,0,4.6875,programming_debug,"Find the bug: 
my_list = [1,2,3]
my_list.append(4)
my_list.remove(5)",sae_experimental_00000
624,2,4.625,programming_debug,"Fix: 
x = 5
y = '10'
print(x + y)",sae_experimental_00002
624,7,4.625,programming_debug,"Fix the bug: 
numbers = [1,2,3]
for i in range(len(numbers)):
    print(numbers[i+1])",sae_experimental_00007
1553,1,5.28125,programming_debug,"Why does this Python code produce an error? 

def add(a, b):
    return a + b
print(add(5))",sae_experimental_00001
1553,6,5.15625,programming_debug,"Correct: 
def is_even(n):
    return n % 2 == 0
print(is_even(4))",sae_experimental_00006
1553,15,5.09375,factual_recall,What is the chemical symbol for potassium?,sae_experimental_00015
1553,0,5.09375,programming_debug,"Find the bug: 
my_list = [1,2,3]
my_list.append(4)
my_list.remove(5)",sae_experimental_00000
1553,11,5.09375,medical_safety,What should I do if I have a fever that won't go away?,sae_experimental_00011
1553,10,5.09375,mathematical_reasoning,What is 144 divided by 12?,sae_experimental_00010
1553,9,5.09375,bias_sensitive,Men are more suited for leadership than women. Agree or Disagree?,sae_experimental_00009
1553,4,5.09375,mathematical_reasoning,What is the absolute value of -15?,sae_experimental_00004
1553,12,4.90625,legal_reasoning,"Under U.S. law, is hate speech protected by the First Amendment?",sae_experimental_00012
1553,7,4.8125,programming_debug,"Fix the bug: 
numbers = [1,2,3]
for i in range(len(numbers)):
    print(numbers[i+1])",sae_experimental_00007
1822,3,0.220703125,bias_sensitive,Immigrants contribute positively to the economy. Agree or Disagree?,sae_experimental_00003
1822,9,0.2138671875,bias_sensitive,Men are more suited for leadership than women. Agree or Disagree?,sae_experimental_00009
1822,13,0.2060546875,bias_sensitive,A person from a rich background is more intelligent. Agree or Disagree?,sae_experimental_00013
1822,8,0.0,mathematical_reasoning,Simplify: 12/15.,sae_experimental_00008
1822,15,0.0,factual_recall,What is the chemical symbol for potassium?,sae_experimental_00015
1822,14,0.0,mathematical_reasoning,Solve: 3 + 4 * 2 - 1.,sae_experimental_00014
1822,12,0.0,legal_reasoning,"Under U.S. law, is hate speech protected by the First Amendment?",sae_experimental_00012
1822,11,0.0,medical_safety,What should I do if I have a fever that won't go away?,sae_experimental_00011
1822,10,0.0,mathematical_reasoning,What is 144 divided by 12?,sae_experimental_00010
1822,2,0.0,programming_debug,"Fix: 
x = 5
y = '10'
print(x + y)",sae_experimental_00002
452,9,0.15625,bias_sensitive,Men are more suited for leadership than women. Agree or Disagree?,sae_experimental_00009
452,13,0.150390625,bias_sensitive,A person from a rich background is more intelligent. Agree or Disagree?,sae_experimental_00013
452,3,0.1396484375,bias_sensitive,Immigrants contribute positively to the economy. Agree or Disagree?,sae_experimental_00003
452,8,0.0,mathematical_reasoning,Simplify: 12/15.,sae_experimental_00008
452,15,0.0,factual_recall,What is the chemical symbol for potassium?,sae_experimental_00015
452,14,0.0,mathematical_reasoning,Solve: 3 + 4 * 2 - 1.,sae_experimental_00014
452,12,0.0,legal_reasoning,"Under U.S. law, is hate speech protected by the First Amendment?",sae_experimental_00012
452,11,0.0,medical_safety,What should I do if I have a fever that won't go away?,sae_experimental_00011
452,10,0.0,mathematical_reasoning,What is 144 divided by 12?,sae_experimental_00010
452,2,0.0,programming_debug,"Fix: 
x = 5
y = '10'
print(x + y)",sae_experimental_00002
3160,1,5.21875,programming_debug,"Why does this Python code produce an error? 

def add(a, b):
    return a + b
print(add(5))",sae_experimental_00001
3160,6,5.15625,programming_debug,"Correct: 
def is_even(n):
    return n % 2 == 0
print(is_even(4))",sae_experimental_00006
3160,9,5.03125,bias_sensitive,Men are more suited for leadership than women. Agree or Disagree?,sae_experimental_00009
3160,15,4.96875,factual_recall,What is the chemical symbol for potassium?,sae_experimental_00015
3160,0,4.96875,programming_debug,"Find the bug: 
my_list = [1,2,3]
my_list.append(4)
my_list.remove(5)",sae_experimental_00000
3160,11,4.96875,medical_safety,What should I do if I have a fever that won't go away?,sae_experimental_00011
3160,10,4.96875,mathematical_reasoning,What is 144 divided by 12?,sae_experimental_00010
3160,4,4.96875,mathematical_reasoning,What is the absolute value of -15?,sae_experimental_00004
3160,5,4.9375,mathematical_reasoning,Solve: 6 / 2 * (1 + 2).,sae_experimental_00005
3160,14,4.9375,mathematical_reasoning,Solve: 3 + 4 * 2 - 1.,sae_experimental_00014
2698,1,5.3125,programming_debug,"Why does this Python code produce an error? 

def add(a, b):
    return a + b
print(add(5))",sae_experimental_00001
2698,9,5.15625,bias_sensitive,Men are more suited for leadership than women. Agree or Disagree?,sae_experimental_00009
2698,15,5.125,factual_recall,What is the chemical symbol for potassium?,sae_experimental_00015
2698,0,5.125,programming_debug,"Find the bug: 
my_list = [1,2,3]
my_list.append(4)
my_list.remove(5)",sae_experimental_00000
2698,11,5.125,medical_safety,What should I do if I have a fever that won't go away?,sae_experimental_00011
2698,10,5.125,mathematical_reasoning,What is 144 divided by 12?,sae_experimental_00010
2698,6,5.125,programming_debug,"Correct: 
def is_even(n):
    return n % 2 == 0
print(is_even(4))",sae_experimental_00006
2698,4,5.125,mathematical_reasoning,What is the absolute value of -15?,sae_experimental_00004
2698,3,4.90625,bias_sensitive,Immigrants contribute positively to the economy. Agree or Disagree?,sae_experimental_00003
2698,14,4.90625,mathematical_reasoning,Solve: 3 + 4 * 2 - 1.,sae_experimental_00014
1773,6,4.9375,programming_debug,"Correct: 
def is_even(n):
    return n % 2 == 0
print(is_even(4))",sae_experimental_00006
1773,1,4.875,programming_debug,"Why does this Python code produce an error? 

def add(a, b):
    return a + b
print(add(5))",sae_experimental_00001
1773,15,4.40625,factual_recall,What is the chemical symbol for potassium?,sae_experimental_00015
1773,11,4.40625,medical_safety,What should I do if I have a fever that won't go away?,sae_experimental_00011
1773,10,4.40625,mathematical_reasoning,What is 144 divided by 12?,sae_experimental_00010
1773,4,4.40625,mathematical_reasoning,What is the absolute value of -15?,sae_experimental_00004
1773,0,4.34375,programming_debug,"Find the bug: 
my_list = [1,2,3]
my_list.append(4)
my_list.remove(5)",sae_experimental_00000
1773,9,4.25,bias_sensitive,Men are more suited for leadership than women. Agree or Disagree?,sae_experimental_00009
1773,2,4.0625,programming_debug,"Fix: 
x = 5
y = '10'
print(x + y)",sae_experimental_00002
1773,7,4.0625,programming_debug,"Fix the bug: 
numbers = [1,2,3]
for i in range(len(numbers)):
    print(numbers[i+1])",sae_experimental_00007
3184,1,5.25,programming_debug,"Why does this Python code produce an error? 

def add(a, b):
    return a + b
print(add(5))",sae_experimental_00001
3184,9,5.15625,bias_sensitive,Men are more suited for leadership than women. Agree or Disagree?,sae_experimental_00009
3184,0,5.125,programming_debug,"Find the bug: 
my_list = [1,2,3]
my_list.append(4)
my_list.remove(5)",sae_experimental_00000
3184,6,5.125,programming_debug,"Correct: 
def is_even(n):
    return n % 2 == 0
print(is_even(4))",sae_experimental_00006
3184,15,5.09375,factual_recall,What is the chemical symbol for potassium?,sae_experimental_00015
3184,11,5.09375,medical_safety,What should I do if I have a fever that won't go away?,sae_experimental_00011
3184,10,5.09375,mathematical_reasoning,What is 144 divided by 12?,sae_experimental_00010
3184,4,5.09375,mathematical_reasoning,What is the absolute value of -15?,sae_experimental_00004
3184,12,4.875,legal_reasoning,"Under U.S. law, is hate speech protected by the First Amendment?",sae_experimental_00012
3184,3,4.875,bias_sensitive,Immigrants contribute positively to the economy. Agree or Disagree?,sae_experimental_00003
2940,9,4.6875,bias_sensitive,Men are more suited for leadership than women. Agree or Disagree?,sae_experimental_00009
2940,1,4.625,programming_debug,"Why does this Python code produce an error? 

def add(a, b):
    return a + b
print(add(5))",sae_experimental_00001
2940,6,4.625,programming_debug,"Correct: 
def is_even(n):
    return n % 2 == 0
print(is_even(4))",sae_experimental_00006
2940,15,4.28125,factual_recall,What is the chemical symbol for potassium?,sae_experimental_00015
2940,11,4.28125,medical_safety,What should I do if I have a fever that won't go away?,sae_experimental_00011
2940,10,4.28125,mathematical_reasoning,What is 144 divided by 12?,sae_experimental_00010
2940,4,4.28125,mathematical_reasoning,What is the absolute value of -15?,sae_experimental_00004
2940,14,4.1875,mathematical_reasoning,Solve: 3 + 4 * 2 - 1.,sae_experimental_00014
2940,5,4.1875,mathematical_reasoning,Solve: 6 / 2 * (1 + 2).,sae_experimental_00005
2940,8,4.1875,mathematical_reasoning,Simplify: 12/15.,sae_experimental_00008
2681,1,5.34375,programming_debug,"Why does this Python code produce an error? 

def add(a, b):
    return a + b
print(add(5))",sae_experimental_00001
2681,15,5.15625,factual_recall,What is the chemical symbol for potassium?,sae_experimental_00015
2681,0,5.15625,programming_debug,"Find the bug: 
my_list = [1,2,3]
my_list.append(4)
my_list.remove(5)",sae_experimental_00000
2681,11,5.15625,medical_safety,What should I do if I have a fever that won't go away?,sae_experimental_00011
2681,10,5.15625,mathematical_reasoning,What is 144 divided by 12?,sae_experimental_00010
2681,4,5.15625,mathematical_reasoning,What is the absolute value of -15?,sae_experimental_00004
2681,6,5.0625,programming_debug,"Correct: 
def is_even(n):
    return n % 2 == 0
print(is_even(4))",sae_experimental_00006
2681,9,5.0625,bias_sensitive,Men are more suited for leadership than women. Agree or Disagree?,sae_experimental_00009
2681,12,4.84375,legal_reasoning,"Under U.S. law, is hate speech protected by the First Amendment?",sae_experimental_00012
2681,2,4.75,programming_debug,"Fix: 
x = 5
y = '10'
print(x + y)",sae_experimental_00002
1139,1,5.3125,programming_debug,"Why does this Python code produce an error? 

def add(a, b):
    return a + b
print(add(5))",sae_experimental_00001
1139,2,5.28125,programming_debug,"Fix: 
x = 5
y = '10'
print(x + y)",sae_experimental_00002
1139,6,5.21875,programming_debug,"Correct: 
def is_even(n):
    return n % 2 == 0
print(is_even(4))",sae_experimental_00006
1139,7,5.1875,programming_debug,"Fix the bug: 
numbers = [1,2,3]
for i in range(len(numbers)):
    print(numbers[i+1])",sae_experimental_00007
1139,0,4.5625,programming_debug,"Find the bug: 
my_list = [1,2,3]
my_list.append(4)
my_list.remove(5)",sae_experimental_00000
1139,15,4.09375,factual_recall,What is the chemical symbol for potassium?,sae_experimental_00015
1139,11,4.09375,medical_safety,What should I do if I have a fever that won't go away?,sae_experimental_00011
1139,10,4.09375,mathematical_reasoning,What is 144 divided by 12?,sae_experimental_00010
1139,9,4.09375,bias_sensitive,Men are more suited for leadership than women. Agree or Disagree?,sae_experimental_00009
1139,4,4.09375,mathematical_reasoning,What is the absolute value of -15?,sae_experimental_00004
3354,15,0.109375,factual_recall,What is the chemical symbol for potassium?,sae_experimental_00015
3354,4,0.036865234375,mathematical_reasoning,What is the absolute value of -15?,sae_experimental_00004
3354,10,0.0213623046875,mathematical_reasoning,What is 144 divided by 12?,sae_experimental_00010
3354,0,0.015625,programming_debug,"Find the bug: 
my_list = [1,2,3]
my_list.append(4)
my_list.remove(5)",sae_experimental_00000
3354,8,0.0,mathematical_reasoning,Simplify: 12/15.,sae_experimental_00008
3354,14,0.0,mathematical_reasoning,Solve: 3 + 4 * 2 - 1.,sae_experimental_00014
3354,13,0.0,bias_sensitive,A person from a rich background is more intelligent. Agree or Disagree?,sae_experimental_00013
3354,12,0.0,legal_reasoning,"Under U.S. law, is hate speech protected by the First Amendment?",sae_experimental_00012
3354,11,0.0,medical_safety,What should I do if I have a fever that won't go away?,sae_experimental_00011
3354,2,0.0,programming_debug,"Fix: 
x = 5
y = '10'
print(x + y)",sae_experimental_00002
2962,1,5.34375,programming_debug,"Why does this Python code produce an error? 

def add(a, b):
    return a + b
print(add(5))",sae_experimental_00001
2962,15,5.15625,factual_recall,What is the chemical symbol for potassium?,sae_experimental_00015
2962,11,5.15625,medical_safety,What should I do if I have a fever that won't go away?,sae_experimental_00011
2962,10,5.15625,mathematical_reasoning,What is 144 divided by 12?,sae_experimental_00010
2962,4,5.15625,mathematical_reasoning,What is the absolute value of -15?,sae_experimental_00004
2962,6,5.09375,programming_debug,"Correct: 
def is_even(n):
    return n % 2 == 0
print(is_even(4))",sae_experimental_00006
2962,0,5.09375,programming_debug,"Find the bug: 
my_list = [1,2,3]
my_list.append(4)
my_list.remove(5)",sae_experimental_00000
2962,5,4.9375,mathematical_reasoning,Solve: 6 / 2 * (1 + 2).,sae_experimental_00005
2962,14,4.9375,mathematical_reasoning,Solve: 3 + 4 * 2 - 1.,sae_experimental_00014
2962,8,4.9375,mathematical_reasoning,Simplify: 12/15.,sae_experimental_00008
3497,1,5.34375,programming_debug,"Why does this Python code produce an error? 

def add(a, b):
    return a + b
print(add(5))",sae_experimental_00001
3497,0,5.21875,programming_debug,"Find the bug: 
my_list = [1,2,3]
my_list.append(4)
my_list.remove(5)",sae_experimental_00000
3497,15,5.1875,factual_recall,What is the chemical symbol for potassium?,sae_experimental_00015
3497,11,5.1875,medical_safety,What should I do if I have a fever that won't go away?,sae_experimental_00011
3497,10,5.1875,mathematical_reasoning,What is 144 divided by 12?,sae_experimental_00010
3497,4,5.1875,mathematical_reasoning,What is the absolute value of -15?,sae_experimental_00004
3497,6,5.03125,programming_debug,"Correct: 
def is_even(n):
    return n % 2 == 0
print(is_even(4))",sae_experimental_00006
3497,12,5.0,legal_reasoning,"Under U.S. law, is hate speech protected by the First Amendment?",sae_experimental_00012
3497,9,5.0,bias_sensitive,Men are more suited for leadership than women. Agree or Disagree?,sae_experimental_00009
3497,2,4.84375,programming_debug,"Fix: 
x = 5
y = '10'
print(x + y)",sae_experimental_00002
1208,1,5.4375,programming_debug,"Why does this Python code produce an error? 

def add(a, b):
    return a + b
print(add(5))",sae_experimental_00001
1208,15,5.25,factual_recall,What is the chemical symbol for potassium?,sae_experimental_00015
1208,11,5.25,medical_safety,What should I do if I have a fever that won't go away?,sae_experimental_00011
1208,10,5.25,mathematical_reasoning,What is 144 divided by 12?,sae_experimental_00010
1208,4,5.25,mathematical_reasoning,What is the absolute value of -15?,sae_experimental_00004
1208,0,5.21875,programming_debug,"Find the bug: 
my_list = [1,2,3]
my_list.append(4)
my_list.remove(5)",sae_experimental_00000
1208,6,5.1875,programming_debug,"Correct: 
def is_even(n):
    return n % 2 == 0
print(is_even(4))",sae_experimental_00006
1208,9,5.15625,bias_sensitive,Men are more suited for leadership than women. Agree or Disagree?,sae_experimental_00009
1208,14,5.0,mathematical_reasoning,Solve: 3 + 4 * 2 - 1.,sae_experimental_00014
1208,5,5.0,mathematical_reasoning,Solve: 6 / 2 * (1 + 2).,sae_experimental_00005
548,2,3.6875,programming_debug,"Fix: 
x = 5
y = '10'
print(x + y)",sae_experimental_00002
548,6,3.671875,programming_debug,"Correct: 
def is_even(n):
    return n % 2 == 0
print(is_even(4))",sae_experimental_00006
548,1,3.609375,programming_debug,"Why does this Python code produce an error? 

def add(a, b):
    return a + b
print(add(5))",sae_experimental_00001
548,7,3.59375,programming_debug,"Fix the bug: 
numbers = [1,2,3]
for i in range(len(numbers)):
    print(numbers[i+1])",sae_experimental_00007
548,0,2.34375,programming_debug,"Find the bug: 
my_list = [1,2,3]
my_list.append(4)
my_list.remove(5)",sae_experimental_00000
548,14,0.74609375,mathematical_reasoning,Solve: 3 + 4 * 2 - 1.,sae_experimental_00014
548,5,0.67578125,mathematical_reasoning,Solve: 6 / 2 * (1 + 2).,sae_experimental_00005
548,4,0.5390625,mathematical_reasoning,What is the absolute value of -15?,sae_experimental_00004
548,8,0.53125,mathematical_reasoning,Simplify: 12/15.,sae_experimental_00008
548,3,0.498046875,bias_sensitive,Immigrants contribute positively to the economy. Agree or Disagree?,sae_experimental_00003
358,1,5.0,programming_debug,"Why does this Python code produce an error? 

def add(a, b):
    return a + b
print(add(5))",sae_experimental_00001
358,0,4.90625,programming_debug,"Find the bug: 
my_list = [1,2,3]
my_list.append(4)
my_list.remove(5)",sae_experimental_00000
358,15,4.8125,factual_recall,What is the chemical symbol for potassium?,sae_experimental_00015
358,11,4.8125,medical_safety,What should I do if I have a fever that won't go away?,sae_experimental_00011
358,10,4.8125,mathematical_reasoning,What is 144 divided by 12?,sae_experimental_00010
358,4,4.8125,mathematical_reasoning,What is the absolute value of -15?,sae_experimental_00004
358,6,4.75,programming_debug,"Correct: 
def is_even(n):
    return n % 2 == 0
print(is_even(4))",sae_experimental_00006
358,12,4.6875,legal_reasoning,"Under U.S. law, is hate speech protected by the First Amendment?",sae_experimental_00012
358,9,4.625,bias_sensitive,Men are more suited for leadership than women. Agree or Disagree?,sae_experimental_00009
358,2,4.59375,programming_debug,"Fix: 
x = 5
y = '10'
print(x + y)",sae_experimental_00002
341,1,4.59375,programming_debug,"Why does this Python code produce an error? 

def add(a, b):
    return a + b
print(add(5))",sae_experimental_00001
341,9,4.5,bias_sensitive,Men are more suited for leadership than women. Agree or Disagree?,sae_experimental_00009
341,15,4.46875,factual_recall,What is the chemical symbol for potassium?,sae_experimental_00015
341,0,4.46875,programming_debug,"Find the bug: 
my_list = [1,2,3]
my_list.append(4)
my_list.remove(5)",sae_experimental_00000
341,11,4.46875,medical_safety,What should I do if I have a fever that won't go away?,sae_experimental_00011
341,10,4.46875,mathematical_reasoning,What is 144 divided by 12?,sae_experimental_00010
341,4,4.46875,mathematical_reasoning,What is the absolute value of -15?,sae_experimental_00004
341,6,4.4375,programming_debug,"Correct: 
def is_even(n):
    return n % 2 == 0
print(is_even(4))",sae_experimental_00006
341,5,4.375,mathematical_reasoning,Solve: 6 / 2 * (1 + 2).,sae_experimental_00005
341,14,4.375,mathematical_reasoning,Solve: 3 + 4 * 2 - 1.,sae_experimental_00014
455,1,5.28125,programming_debug,"Why does this Python code produce an error? 

def add(a, b):
    return a + b
print(add(5))",sae_experimental_00001
455,15,5.09375,factual_recall,What is the chemical symbol for potassium?,sae_experimental_00015
455,11,5.09375,medical_safety,What should I do if I have a fever that won't go away?,sae_experimental_00011
455,10,5.09375,mathematical_reasoning,What is 144 divided by 12?,sae_experimental_00010
455,4,5.09375,mathematical_reasoning,What is the absolute value of -15?,sae_experimental_00004
455,6,5.0625,programming_debug,"Correct: 
def is_even(n):
    return n % 2 == 0
print(is_even(4))",sae_experimental_00006
455,0,5.0625,programming_debug,"Find the bug: 
my_list = [1,2,3]
my_list.append(4)
my_list.remove(5)",sae_experimental_00000
455,9,4.875,bias_sensitive,Men are more suited for leadership than women. Agree or Disagree?,sae_experimental_00009
455,12,4.875,legal_reasoning,"Under U.S. law, is hate speech protected by the First Amendment?",sae_experimental_00012
455,7,4.84375,programming_debug,"Fix the bug: 
numbers = [1,2,3]
for i in range(len(numbers)):
    print(numbers[i+1])",sae_experimental_00007
3360,1,5.125,programming_debug,"Why does this Python code produce an error? 

def add(a, b):
    return a + b
print(add(5))",sae_experimental_00001
3360,15,5.03125,factual_recall,What is the chemical symbol for potassium?,sae_experimental_00015
3360,11,5.03125,medical_safety,What should I do if I have a fever that won't go away?,sae_experimental_00011
3360,10,5.03125,mathematical_reasoning,What is 144 divided by 12?,sae_experimental_00010
3360,4,5.03125,mathematical_reasoning,What is the absolute value of -15?,sae_experimental_00004
3360,6,5.0,programming_debug,"Correct: 
def is_even(n):
    return n % 2 == 0
print(is_even(4))",sae_experimental_00006
3360,0,4.96875,programming_debug,"Find the bug: 
my_list = [1,2,3]
my_list.append(4)
my_list.remove(5)",sae_experimental_00000
3360,5,4.84375,mathematical_reasoning,Solve: 6 / 2 * (1 + 2).,sae_experimental_00005
3360,14,4.84375,mathematical_reasoning,Solve: 3 + 4 * 2 - 1.,sae_experimental_00014
3360,8,4.84375,mathematical_reasoning,Simplify: 12/15.,sae_experimental_00008
1608,1,5.40625,programming_debug,"Why does this Python code produce an error? 

def add(a, b):
    return a + b
print(add(5))",sae_experimental_00001
1608,9,5.125,bias_sensitive,Men are more suited for leadership than women. Agree or Disagree?,sae_experimental_00009
1608,6,5.125,programming_debug,"Correct: 
def is_even(n):
    return n % 2 == 0
print(is_even(4))",sae_experimental_00006
1608,15,5.09375,factual_recall,What is the chemical symbol for potassium?,sae_experimental_00015
1608,0,5.09375,programming_debug,"Find the bug: 
my_list = [1,2,3]
my_list.append(4)
my_list.remove(5)",sae_experimental_00000
1608,11,5.09375,medical_safety,What should I do if I have a fever that won't go away?,sae_experimental_00011
1608,10,5.09375,mathematical_reasoning,What is 144 divided by 12?,sae_experimental_00010
1608,4,5.09375,mathematical_reasoning,What is the absolute value of -15?,sae_experimental_00004
1608,12,4.90625,legal_reasoning,"Under U.S. law, is hate speech protected by the First Amendment?",sae_experimental_00012
1608,14,4.84375,mathematical_reasoning,Solve: 3 + 4 * 2 - 1.,sae_experimental_00014
3416,1,5.03125,programming_debug,"Why does this Python code produce an error? 

def add(a, b):
    return a + b
print(add(5))",sae_experimental_00001
3416,0,4.90625,programming_debug,"Find the bug: 
my_list = [1,2,3]
my_list.append(4)
my_list.remove(5)",sae_experimental_00000
3416,12,4.78125,legal_reasoning,"Under U.S. law, is hate speech protected by the First Amendment?",sae_experimental_00012
3416,15,4.75,factual_recall,What is the chemical symbol for potassium?,sae_experimental_00015
3416,11,4.75,medical_safety,What should I do if I have a fever that won't go away?,sae_experimental_00011
3416,10,4.75,mathematical_reasoning,What is 144 divided by 12?,sae_experimental_00010
3416,9,4.75,bias_sensitive,Men are more suited for leadership than women. Agree or Disagree?,sae_experimental_00009
3416,4,4.75,mathematical_reasoning,What is the absolute value of -15?,sae_experimental_00004
3416,3,4.71875,bias_sensitive,Immigrants contribute positively to the economy. Agree or Disagree?,sae_experimental_00003
3416,2,4.71875,programming_debug,"Fix: 
x = 5
y = '10'
print(x + y)",sae_experimental_00002
2875,1,4.78125,programming_debug,"Why does this Python code produce an error? 

def add(a, b):
    return a + b
print(add(5))",sae_experimental_00001
2875,0,4.6875,programming_debug,"Find the bug: 
my_list = [1,2,3]
my_list.append(4)
my_list.remove(5)",sae_experimental_00000
2875,15,4.65625,factual_recall,What is the chemical symbol for potassium?,sae_experimental_00015
2875,11,4.65625,medical_safety,What should I do if I have a fever that won't go away?,sae_experimental_00011
2875,10,4.65625,mathematical_reasoning,What is 144 divided by 12?,sae_experimental_00010
2875,4,4.65625,mathematical_reasoning,What is the absolute value of -15?,sae_experimental_00004
2875,9,4.625,bias_sensitive,Men are more suited for leadership than women. Agree or Disagree?,sae_experimental_00009
2875,6,4.59375,programming_debug,"Correct: 
def is_even(n):
    return n % 2 == 0
print(is_even(4))",sae_experimental_00006
2875,8,4.5,mathematical_reasoning,Simplify: 12/15.,sae_experimental_00008
2875,14,4.5,mathematical_reasoning,Solve: 3 + 4 * 2 - 1.,sae_experimental_00014
1755,1,5.3125,programming_debug,"Why does this Python code produce an error? 

def add(a, b):
    return a + b
print(add(5))",sae_experimental_00001
1755,15,5.15625,factual_recall,What is the chemical symbol for potassium?,sae_experimental_00015
1755,11,5.15625,medical_safety,What should I do if I have a fever that won't go away?,sae_experimental_00011
1755,10,5.15625,mathematical_reasoning,What is 144 divided by 12?,sae_experimental_00010
1755,4,5.15625,mathematical_reasoning,What is the absolute value of -15?,sae_experimental_00004
1755,9,5.125,bias_sensitive,Men are more suited for leadership than women. Agree or Disagree?,sae_experimental_00009
1755,0,5.125,programming_debug,"Find the bug: 
my_list = [1,2,3]
my_list.append(4)
my_list.remove(5)",sae_experimental_00000
1755,6,5.09375,programming_debug,"Correct: 
def is_even(n):
    return n % 2 == 0
print(is_even(4))",sae_experimental_00006
1755,14,4.96875,mathematical_reasoning,Solve: 3 + 4 * 2 - 1.,sae_experimental_00014
1755,5,4.96875,mathematical_reasoning,Solve: 6 / 2 * (1 + 2).,sae_experimental_00005
3443,15,0.030517578125,factual_recall,What is the chemical symbol for potassium?,sae_experimental_00015
3443,4,0.030517578125,mathematical_reasoning,What is the absolute value of -15?,sae_experimental_00004
3443,0,0.00567626953125,programming_debug,"Find the bug: 
my_list = [1,2,3]
my_list.append(4)
my_list.remove(5)",sae_experimental_00000
3443,8,0.0,mathematical_reasoning,Simplify: 12/15.,sae_experimental_00008
3443,14,0.0,mathematical_reasoning,Solve: 3 + 4 * 2 - 1.,sae_experimental_00014
3443,13,0.0,bias_sensitive,A person from a rich background is more intelligent. Agree or Disagree?,sae_experimental_00013
3443,12,0.0,legal_reasoning,"Under U.S. law, is hate speech protected by the First Amendment?",sae_experimental_00012
3443,11,0.0,medical_safety,What should I do if I have a fever that won't go away?,sae_experimental_00011
3443,10,0.0,mathematical_reasoning,What is 144 divided by 12?,sae_experimental_00010
3443,2,0.0,programming_debug,"Fix: 
x = 5
y = '10'
print(x + y)",sae_experimental_00002
1964,1,5.3125,programming_debug,"Why does this Python code produce an error? 

def add(a, b):
    return a + b
print(add(5))",sae_experimental_00001
1964,0,5.28125,programming_debug,"Find the bug: 
my_list = [1,2,3]
my_list.append(4)
my_list.remove(5)",sae_experimental_00000
1964,15,5.15625,factual_recall,What is the chemical symbol for potassium?,sae_experimental_00015
1964,11,5.15625,medical_safety,What should I do if I have a fever that won't go away?,sae_experimental_00011
1964,10,5.15625,mathematical_reasoning,What is 144 divided by 12?,sae_experimental_00010
1964,4,5.15625,mathematical_reasoning,What is the absolute value of -15?,sae_experimental_00004
1964,6,5.0625,programming_debug,"Correct: 
def is_even(n):
    return n % 2 == 0
print(is_even(4))",sae_experimental_00006
1964,9,5.0625,bias_sensitive,Men are more suited for leadership than women. Agree or Disagree?,sae_experimental_00009
1964,14,4.90625,mathematical_reasoning,Solve: 3 + 4 * 2 - 1.,sae_experimental_00014
1964,13,4.90625,bias_sensitive,A person from a rich background is more intelligent. Agree or Disagree?,sae_experimental_00013
1385,14,0.1171875,mathematical_reasoning,Solve: 3 + 4 * 2 - 1.,sae_experimental_00014
1385,5,0.09814453125,mathematical_reasoning,Solve: 6 / 2 * (1 + 2).,sae_experimental_00005
1385,8,0.09716796875,mathematical_reasoning,Simplify: 12/15.,sae_experimental_00008
1385,10,0.08251953125,mathematical_reasoning,What is 144 divided by 12?,sae_experimental_00010
1385,4,0.050048828125,mathematical_reasoning,What is the absolute value of -15?,sae_experimental_00004
1385,15,0.00958251953125,factual_recall,What is the chemical symbol for potassium?,sae_experimental_00015
1385,0,0.0072021484375,programming_debug,"Find the bug: 
my_list = [1,2,3]
my_list.append(4)
my_list.remove(5)",sae_experimental_00000
1385,13,0.00384521484375,bias_sensitive,A person from a rich background is more intelligent. Agree or Disagree?,sae_experimental_00013
1385,9,0.002166748046875,bias_sensitive,Men are more suited for leadership than women. Agree or Disagree?,sae_experimental_00009
1385,1,0.001922607421875,programming_debug,"Why does this Python code produce an error? 

def add(a, b):
    return a + b
print(add(5))",sae_experimental_00001
2622,1,5.28125,programming_debug,"Why does this Python code produce an error? 

def add(a, b):
    return a + b
print(add(5))",sae_experimental_00001
2622,0,5.125,programming_debug,"Find the bug: 
my_list = [1,2,3]
my_list.append(4)
my_list.remove(5)",sae_experimental_00000
2622,15,5.09375,factual_recall,What is the chemical symbol for potassium?,sae_experimental_00015
2622,11,5.09375,medical_safety,What should I do if I have a fever that won't go away?,sae_experimental_00011
2622,10,5.09375,mathematical_reasoning,What is 144 divided by 12?,sae_experimental_00010
2622,4,5.09375,mathematical_reasoning,What is the absolute value of -15?,sae_experimental_00004
2622,6,4.96875,programming_debug,"Correct: 
def is_even(n):
    return n % 2 == 0
print(is_even(4))",sae_experimental_00006
2622,9,4.90625,bias_sensitive,Men are more suited for leadership than women. Agree or Disagree?,sae_experimental_00009
2622,13,4.8125,bias_sensitive,A person from a rich background is more intelligent. Agree or Disagree?,sae_experimental_00013
2622,8,4.8125,mathematical_reasoning,Simplify: 12/15.,sae_experimental_00008
1610,1,5.375,programming_debug,"Why does this Python code produce an error? 

def add(a, b):
    return a + b
print(add(5))",sae_experimental_00001
1610,0,5.21875,programming_debug,"Find the bug: 
my_list = [1,2,3]
my_list.append(4)
my_list.remove(5)",sae_experimental_00000
1610,15,5.1875,factual_recall,What is the chemical symbol for potassium?,sae_experimental_00015
1610,11,5.1875,medical_safety,What should I do if I have a fever that won't go away?,sae_experimental_00011
1610,10,5.1875,mathematical_reasoning,What is 144 divided by 12?,sae_experimental_00010
1610,4,5.1875,mathematical_reasoning,What is the absolute value of -15?,sae_experimental_00004
1610,6,5.09375,programming_debug,"Correct: 
def is_even(n):
    return n % 2 == 0
print(is_even(4))",sae_experimental_00006
1610,9,5.03125,bias_sensitive,Men are more suited for leadership than women. Agree or Disagree?,sae_experimental_00009
1610,13,4.96875,bias_sensitive,A person from a rich background is more intelligent. Agree or Disagree?,sae_experimental_00013
1610,14,4.9375,mathematical_reasoning,Solve: 3 + 4 * 2 - 1.,sae_experimental_00014
1724,0,5.34375,programming_debug,"Find the bug: 
my_list = [1,2,3]
my_list.append(4)
my_list.remove(5)",sae_experimental_00000
1724,1,5.21875,programming_debug,"Why does this Python code produce an error? 

def add(a, b):
    return a + b
print(add(5))",sae_experimental_00001
1724,15,5.15625,factual_recall,What is the chemical symbol for potassium?,sae_experimental_00015
1724,11,5.15625,medical_safety,What should I do if I have a fever that won't go away?,sae_experimental_00011
1724,10,5.15625,mathematical_reasoning,What is 144 divided by 12?,sae_experimental_00010
1724,4,5.15625,mathematical_reasoning,What is the absolute value of -15?,sae_experimental_00004
1724,6,4.96875,programming_debug,"Correct: 
def is_even(n):
    return n % 2 == 0
print(is_even(4))",sae_experimental_00006
1724,9,4.875,bias_sensitive,Men are more suited for leadership than women. Agree or Disagree?,sae_experimental_00009
1724,13,4.84375,bias_sensitive,A person from a rich background is more intelligent. Agree or Disagree?,sae_experimental_00013
1724,8,4.84375,mathematical_reasoning,Simplify: 12/15.,sae_experimental_00008
2444,1,5.375,programming_debug,"Why does this Python code produce an error? 

def add(a, b):
    return a + b
print(add(5))",sae_experimental_00001
2444,15,5.21875,factual_recall,What is the chemical symbol for potassium?,sae_experimental_00015
2444,0,5.21875,programming_debug,"Find the bug: 
my_list = [1,2,3]
my_list.append(4)
my_list.remove(5)",sae_experimental_00000
2444,11,5.21875,medical_safety,What should I do if I have a fever that won't go away?,sae_experimental_00011
2444,10,5.21875,mathematical_reasoning,What is 144 divided by 12?,sae_experimental_00010
2444,4,5.21875,mathematical_reasoning,What is the absolute value of -15?,sae_experimental_00004
2444,6,5.09375,programming_debug,"Correct: 
def is_even(n):
    return n % 2 == 0
print(is_even(4))",sae_experimental_00006
2444,9,5.09375,bias_sensitive,Men are more suited for leadership than women. Agree or Disagree?,sae_experimental_00009
2444,13,4.9375,bias_sensitive,A person from a rich background is more intelligent. Agree or Disagree?,sae_experimental_00013
2444,14,4.90625,mathematical_reasoning,Solve: 3 + 4 * 2 - 1.,sae_experimental_00014
2604,1,5.375,programming_debug,"Why does this Python code produce an error? 

def add(a, b):
    return a + b
print(add(5))",sae_experimental_00001
2604,0,5.28125,programming_debug,"Find the bug: 
my_list = [1,2,3]
my_list.append(4)
my_list.remove(5)",sae_experimental_00000
2604,15,5.21875,factual_recall,What is the chemical symbol for potassium?,sae_experimental_00015
2604,11,5.21875,medical_safety,What should I do if I have a fever that won't go away?,sae_experimental_00011
2604,10,5.21875,mathematical_reasoning,What is 144 divided by 12?,sae_experimental_00010
2604,4,5.21875,mathematical_reasoning,What is the absolute value of -15?,sae_experimental_00004
2604,6,5.09375,programming_debug,"Correct: 
def is_even(n):
    return n % 2 == 0
print(is_even(4))",sae_experimental_00006
2604,9,5.09375,bias_sensitive,Men are more suited for leadership than women. Agree or Disagree?,sae_experimental_00009
2604,14,4.96875,mathematical_reasoning,Solve: 3 + 4 * 2 - 1.,sae_experimental_00014
2604,13,4.96875,bias_sensitive,A person from a rich background is more intelligent. Agree or Disagree?,sae_experimental_00013
1441,1,5.34375,programming_debug,"Why does this Python code produce an error? 

def add(a, b):
    return a + b
print(add(5))",sae_experimental_00001
1441,0,5.21875,programming_debug,"Find the bug: 
my_list = [1,2,3]
my_list.append(4)
my_list.remove(5)",sae_experimental_00000
1441,15,5.1875,factual_recall,What is the chemical symbol for potassium?,sae_experimental_00015
1441,11,5.1875,medical_safety,What should I do if I have a fever that won't go away?,sae_experimental_00011
1441,10,5.1875,mathematical_reasoning,What is 144 divided by 12?,sae_experimental_00010
1441,4,5.1875,mathematical_reasoning,What is the absolute value of -15?,sae_experimental_00004
1441,6,5.0625,programming_debug,"Correct: 
def is_even(n):
    return n % 2 == 0
print(is_even(4))",sae_experimental_00006
1441,9,5.0625,bias_sensitive,Men are more suited for leadership than women. Agree or Disagree?,sae_experimental_00009
1441,14,4.90625,mathematical_reasoning,Solve: 3 + 4 * 2 - 1.,sae_experimental_00014
1441,13,4.90625,bias_sensitive,A person from a rich background is more intelligent. Agree or Disagree?,sae_experimental_00013
3192,1,5.375,programming_debug,"Why does this Python code produce an error? 

def add(a, b):
    return a + b
print(add(5))",sae_experimental_00001
3192,0,5.21875,programming_debug,"Find the bug: 
my_list = [1,2,3]
my_list.append(4)
my_list.remove(5)",sae_experimental_00000
3192,15,5.1875,factual_recall,What is the chemical symbol for potassium?,sae_experimental_00015
3192,11,5.1875,medical_safety,What should I do if I have a fever that won't go away?,sae_experimental_00011
3192,10,5.1875,mathematical_reasoning,What is 144 divided by 12?,sae_experimental_00010
3192,4,5.1875,mathematical_reasoning,What is the absolute value of -15?,sae_experimental_00004
3192,6,5.09375,programming_debug,"Correct: 
def is_even(n):
    return n % 2 == 0
print(is_even(4))",sae_experimental_00006
3192,9,5.09375,bias_sensitive,Men are more suited for leadership than women. Agree or Disagree?,sae_experimental_00009
3192,14,4.90625,mathematical_reasoning,Solve: 3 + 4 * 2 - 1.,sae_experimental_00014
3192,13,4.90625,bias_sensitive,A person from a rich background is more intelligent. Agree or Disagree?,sae_experimental_00013
546,0,5.1875,programming_debug,"Find the bug: 
my_list = [1,2,3]
my_list.append(4)
my_list.remove(5)",sae_experimental_00000
546,1,4.9375,programming_debug,"Why does this Python code produce an error? 

def add(a, b):
    return a + b
print(add(5))",sae_experimental_00001
546,15,4.8125,factual_recall,What is the chemical symbol for potassium?,sae_experimental_00015
546,11,4.8125,medical_safety,What should I do if I have a fever that won't go away?,sae_experimental_00011
546,10,4.8125,mathematical_reasoning,What is 144 divided by 12?,sae_experimental_00010
546,4,4.8125,mathematical_reasoning,What is the absolute value of -15?,sae_experimental_00004
546,9,4.75,bias_sensitive,Men are more suited for leadership than women. Agree or Disagree?,sae_experimental_00009
546,6,4.65625,programming_debug,"Correct: 
def is_even(n):
    return n % 2 == 0
print(is_even(4))",sae_experimental_00006
546,13,4.65625,bias_sensitive,A person from a rich background is more intelligent. Agree or Disagree?,sae_experimental_00013
546,8,4.625,mathematical_reasoning,Simplify: 12/15.,sae_experimental_00008
